Date,natural_gas,coal,crude_oil,other,nuclear,renewables,total
31-Jan-73,2.397,1.166,3.187,0.00392,0.0681,0.40398,7.226
28-Feb-73,2.171,1.051,2.943,0.0045,0.0646,0.3609,6.595
31-Mar-73,2.057,1.047,2.943,0.00434,0.0725,0.40016,6.524
30-Apr-73,1.874,0.999,2.623,0.00343,0.0641,0.38047,5.944
31-May-73,1.765,1.014,2.837,0.00476,0.0621,0.39214,6.075
30-Jun-73,1.566,1.05,2.734,0.00377,0.074,0.37723,5.805
31-Jul-73,1.591,1.11,2.806,0.00378,0.0759,0.36732,5.954
31-Aug-73,1.615,1.136,3.001,0.00334,0.0849,0.35376,6.194
30-Sep-73,1.559,1.058,2.762,0.00429,0.0857,0.30701,5.776
31-Oct-73,1.744,1.083,2.941,0.00455,0.082,0.32345,6.178
30-Nov-73,1.945,1.089,3.057,0.00438,0.0888,0.33782,6.522
31-Dec-73,2.228,1.169,2.994,0.00471,0.0876,0.40669,6.89
31-Jan-74,2.284,1.146,2.951,0.00363,0.0849,0.43747,6.907
28-Feb-74,2.103,1.036,2.684,0.00346,0.0906,0.39994,6.317
31-Mar-74,2.051,1.051,2.747,0.00353,0.098,0.42347,6.374
30-Apr-74,1.732,0.995,2.631,0.00408,0.0796,0.42232,5.864
31-May-74,1.647,1.029,2.687,0.00314,0.0732,0.42766,5.867
30-Jun-74,1.474,1.014,2.665,0.00372,0.079,0.40928,5.645
31-Jul-74,1.55,1.11,2.801,0.00338,0.1139,0.40972,5.988
31-Aug-74,1.546,1.113,2.832,0.0033,0.1376,0.3861,6.018
30-Sep-74,1.574,1.006,2.654,0.00319,0.1229,0.35391,5.714
31-Oct-74,1.747,1.052,2.917,0.0041,0.1212,0.3437,6.185
30-Nov-74,1.871,1.022,2.867,0.00357,0.1228,0.35163,6.238
31-Dec-74,2.154,1.089,3.074,0.00406,0.1483,0.37664,6.846
31-Jan-75,2.295,1.132,3.084,0.00174,0.1535,0.39276,7.059
28-Feb-75,1.98,1.039,2.642,0.00252,0.1402,0.36828,6.172
31-Mar-75,1.943,1.072,2.782,0.00161,0.1639,0.42349,6.386
30-Apr-75,1.608,0.996,2.643,0.00183,0.1468,0.40537,5.801
31-May-75,1.359,0.976,2.585,0.00112,0.1516,0.42128,5.494
30-Jun-75,1.283,1.022,2.579,0.00198,0.1404,0.41162,5.438
31-Jul-75,1.341,1.082,2.679,0.00224,0.1693,0.39846,5.672
31-Aug-75,1.398,1.116,2.688,0.00187,0.1749,0.36823,5.747
30-Sep-75,1.399,1.003,2.597,0.00154,0.1585,0.34196,5.501
31-Oct-75,1.576,1.021,2.783,0.00211,0.1611,0.36879,5.912
30-Nov-75,1.674,1.044,2.594,0.0018,0.156,0.3832,5.853
31-Dec-75,2.092,1.159,3.089,0.0026,0.1837,0.4037,6.93
31-Jan-76,2.337,1.201,3.175,0.00242,0.1778,0.42178,7.315
29-Feb-76,1.977,1.064,2.798,0.00203,0.1588,0.39617,6.396
31-Mar-76,1.755,1.104,2.952,0.00236,0.1546,0.42704,6.395
30-Apr-76,1.538,1.054,2.746,0.00177,0.1213,0.39693,5.858
31-May-76,1.463,1.06,2.723,0.00247,0.1318,0.41573,5.796
30-Jun-76,1.362,1.099,2.778,0.00234,0.1741,0.41156,5.827
31-Jul-76,1.399,1.171,2.838,0.00298,0.1956,0.42142,6.028
31-Aug-76,1.343,1.18,2.847,0.00297,0.2029,0.39813,5.974
30-Sep-76,1.328,1.082,2.782,0.00302,0.191,0.35698,5.743
31-Oct-76,1.653,1.119,2.912,0.00311,0.1917,0.36919,6.248
30-Nov-76,1.912,1.176,3.113,0.00241,0.1782,0.35139,6.733
31-Dec-76,2.277,1.274,3.514,0.00287,0.2333,0.36083,7.662
31-Jan-77,2.458,1.266,3.51,0.00488,0.2386,0.37852,7.856
28-Feb-77,1.854,1.122,3.162,0.00457,0.2111,0.30433,6.658
31-Mar-77,1.751,1.129,3.101,0.00543,0.2226,0.36897,6.578
30-Apr-77,1.469,1.041,2.903,0.0048,0.2139,0.3513,5.983
31-May-77,1.408,1.103,2.906,0.00528,0.2218,0.35692,6.001
30-Jun-77,1.361,1.162,2.993,0.00482,0.2317,0.33648,6.089
31-Jul-77,1.353,1.257,3.012,0.0051,0.235,0.3369,6.199
31-Aug-77,1.393,1.231,3.094,0.00512,0.245,0.33588,6.304
30-Sep-77,1.457,1.136,2.946,0.00552,0.2114,0.32808,6.084
31-Oct-77,1.55,1.128,3.046,0.00553,0.2051,0.34137,6.276
30-Nov-77,1.726,1.14,3.038,0.00533,0.2095,0.37017,6.489
31-Dec-77,2.152,1.207,3.426,0.00495,0.256,0.40005,7.446
31-Jan-78,2.427,1.196,3.375,0.00542,0.2826,0.43898,7.725
28-Feb-78,2.18,1.002,3.238,0.00523,0.2389,0.39187,7.056
31-Mar-78,1.954,0.953,3.378,0.00494,0.2456,0.43346,6.969
30-Apr-78,1.568,1.019,2.954,0.00632,0.1923,0.43438,6.174
31-May-78,1.406,1.088,3.143,0.00572,0.2234,0.47588,6.342
30-Jun-78,1.273,1.162,3.037,0.00567,0.2427,0.43263,6.153
31-Jul-78,1.358,1.237,3.038,0.00594,0.2736,0.43146,6.344
31-Aug-78,1.309,1.278,3.218,0.00648,0.2801,0.40842,6.5
30-Sep-78,1.258,1.212,2.981,0.00491,0.2428,0.39229,6.091
31-Oct-78,1.467,1.167,3.158,0.00596,0.2516,0.37944,6.429
30-Nov-78,1.69,1.17,3.172,0.00552,0.2724,0.37908,6.689
31-Dec-78,2.108,1.282,3.398,0.00634,0.2781,0.40756,7.48
31-Jan-79,2.477,1.352,3.511,0.0058,0.3024,0.4478,8.096
28-Feb-79,2.25,1.204,3.282,0.00561,0.2819,0.39049,7.414
31-Mar-79,1.92,1.212,3.295,0.0055,0.2647,0.4578,7.155
30-Apr-79,1.628,1.14,2.871,0.00567,0.2004,0.44593,6.291
31-May-79,1.459,1.194,3.04,0.00542,0.1635,0.48908,6.351
30-Jun-79,1.336,1.238,2.951,0.00552,0.1748,0.44168,6.147
31-Jul-79,1.358,1.335,2.931,0.00589,0.2266,0.42451,6.281
31-Aug-79,1.37,1.343,3.105,0.00649,0.2633,0.40921,6.497
30-Sep-79,1.357,1.198,2.879,0.0059,0.2372,0.3789,6.056
31-Oct-79,1.59,1.231,3.095,0.0057,0.2277,0.3976,6.547
30-Nov-79,1.805,1.238,3.01,0.00576,0.2095,0.41474,6.683
31-Dec-79,2.116,1.354,3.217,0.00589,0.224,0.42511,7.342
31-Jan-80,2.278,1.394,3.197,0.00566,0.2154,0.47894,7.569
29-Feb-80,2.186,1.31,2.991,0.0054,0.2103,0.4243,7.127
31-Mar-80,2.091,1.292,2.949,0.00527,0.2186,0.46913,7.025
30-Apr-80,1.562,1.155,2.757,0.00664,0.205,0.47736,6.163
31-May-80,1.381,1.16,2.746,0.00604,0.2005,0.51746,6.011
30-Jun-80,1.277,1.231,2.664,0.00633,0.1999,0.49777,5.876
31-Jul-80,1.319,1.385,2.728,0.00637,0.2293,0.47133,6.139
31-Aug-80,1.305,1.377,2.684,0.00524,0.2654,0.42936,6.066
30-Sep-80,1.323,1.258,2.729,0.00519,0.2571,0.40171,5.974
31-Oct-80,1.55,1.224,2.871,0.00614,0.2673,0.40256,6.321
30-Nov-80,1.792,1.247,2.74,0.00622,0.2289,0.40988,6.424
31-Dec-80,2.168,1.39,3.114,0.00605,0.2414,0.44855,7.368
31-Jan-81,2.32,1.467,3.122,0.00932,0.2623,0.46238,7.643
28-Feb-81,1.929,1.297,2.589,0.00876,0.2382,0.42704,6.489
31-Mar-81,1.933,1.304,2.677,0.01049,0.2427,0.44381,6.611
30-Apr-81,1.514,1.187,2.503,0.00928,0.2277,0.43802,5.879
31-May-81,1.452,1.195,2.589,0.01008,0.2175,0.48042,5.944
30-Jun-81,1.332,1.296,2.632,0.0095,0.2335,0.497,6
31-Jul-81,1.337,1.463,2.657,0.0091,0.2546,0.4913,6.212
31-Aug-81,1.336,1.431,2.589,0.00977,0.2972,0.45403,6.117
30-Sep-81,1.287,1.297,2.555,0.00968,0.2691,0.40722,5.825
31-Oct-81,1.545,1.285,2.664,0.01033,0.2267,0.41697,6.148
30-Nov-81,1.647,1.274,2.542,0.00922,0.2513,0.41848,6.142
31-Dec-81,2.113,1.412,2.794,0.00928,0.2867,0.47702,7.092
31-Jan-82,2.447,1.489,2.709,0.00926,0.2843,0.51444,7.453
28-Feb-82,2.023,1.295,2.437,0.00788,0.2235,0.48962,6.476
31-Mar-82,1.874,1.262,2.609,0.00628,0.252,0.54472,6.548
30-Apr-82,1.515,1.155,2.61,0.00667,0.2412,0.51713,6.045
31-May-82,1.158,1.189,2.487,0.0076,0.2396,0.5258,5.607
30-Jun-82,1.136,1.213,2.439,0.00403,0.266,0.51897,5.577
31-Jul-82,1.168,1.383,2.482,0.00573,0.282,0.51927,5.84
31-Aug-82,1.174,1.377,2.501,0.0111,0.2767,0.4832,5.823
30-Sep-82,1.163,1.23,2.435,0.01105,0.2812,0.43375,5.554
31-Oct-82,1.335,1.193,2.494,0.01073,0.2574,0.43987,5.73
30-Nov-82,1.59,1.232,2.423,0.01077,0.2573,0.46993,5.983
31-Dec-82,1.773,1.305,2.583,0.00917,0.2699,0.52293,6.463
31-Jan-83,2.266,1.36,2.442,0.00832,0.2734,0.56228,6.912
28-Feb-83,1.888,1.18,2.227,0.00962,0.2421,0.52328,6.07
31-Mar-83,1.789,1.196,2.609,0.00865,0.2605,0.57285,6.436
30-Apr-83,1.533,1.14,2.387,0.00894,0.2436,0.56146,5.874
31-May-83,1.26,1.172,2.436,0.00776,0.2405,0.58174,5.698
30-Jun-83,1.091,1.256,2.494,0.00811,0.2634,0.56949,5.682
31-Jul-83,1.086,1.499,2.521,0.01081,0.2792,0.55099,5.947
31-Aug-83,1.124,1.574,2.61,0.01101,0.2857,0.52829,6.133
30-Sep-83,1.061,1.366,2.516,0.01213,0.2727,0.47617,5.704
31-Oct-83,1.125,1.304,2.509,0.01245,0.2813,0.47425,5.706
30-Nov-83,1.317,1.325,2.508,0.01026,0.2727,0.50704,5.94
31-Dec-83,1.681,1.522,2.779,0.01073,0.2875,0.58777,6.868
31-Jan-84,2.399,1.552,2.81,0.01012,0.3178,0.57008,7.659
29-Feb-84,2.005,1.359,2.411,0.00946,0.3083,0.53524,6.628
31-Mar-84,1.887,1.403,2.689,0.00946,0.2965,0.57904,6.864
30-Apr-84,1.64,1.272,2.525,0.00928,0.2627,0.56602,6.275
31-May-84,1.38,1.298,2.614,0.01,0.2805,0.5935,6.176
30-Jun-84,1.205,1.439,2.55,0.00938,0.2743,0.55332,6.031
31-Jul-84,1.181,1.519,2.594,0.01268,0.3067,0.54762,6.161
31-Aug-84,1.181,1.587,2.701,0.01515,0.3198,0.52405,6.328
30-Sep-84,1.11,1.384,2.473,0.01209,0.316,0.47091,5.766
31-Oct-84,1.208,1.395,2.601,0.01378,0.2686,0.47962,5.966
30-Nov-84,1.424,1.394,2.523,0.01139,0.2665,0.48611,6.105
31-Dec-84,1.772,1.47,2.552,0.01095,0.3347,0.53235,6.672
31-Jan-85,2.156,1.599,2.678,0.0094,0.3844,0.5552,7.382
28-Feb-85,2.207,1.405,2.425,0.00886,0.3273,0.51184,6.885
31-Mar-85,1.767,1.386,2.563,0.0123,0.3297,0.525,6.583
30-Apr-85,1.481,1.319,2.507,0.01006,0.281,0.51294,6.111
31-May-85,1.173,1.384,2.594,0.01123,0.3048,0.54297,6.01
30-Jun-85,1.101,1.431,2.506,0.01207,0.3276,0.50733,5.885
31-Jul-85,1.142,1.584,2.588,0.01472,0.3737,0.48958,6.192
31-Aug-85,1.142,1.562,2.697,0.01529,0.3698,0.47591,6.262
30-Sep-85,1.065,1.424,2.441,0.01323,0.3665,0.45427,5.764
31-Oct-85,1.172,1.39,2.651,0.01109,0.3315,0.47541,6.031
30-Nov-85,1.346,1.386,2.5,0.01099,0.3204,0.49961,6.063
31-Dec-85,1.952,1.607,2.761,0.01124,0.3588,0.53396,7.224
31-Jan-86,2.205,1.628,2.685,0.01274,0.3832,0.48606,7.4
28-Feb-86,1.931,1.413,2.446,0.00868,0.3462,0.47912,6.624
31-Mar-86,1.772,1.385,2.731,0.00786,0.3256,0.55854,6.78
30-Apr-86,1.38,1.265,2.598,0.0087,0.3224,0.5399,6.114
31-May-86,1.192,1.321,2.698,0.00923,0.3377,0.54507,6.103
30-Jun-86,1.059,1.464,2.629,0.00909,0.3315,0.52741,6.02
31-Jul-86,1.054,1.648,2.753,0.01001,0.3797,0.51329,6.358
31-Aug-86,1.017,1.515,2.803,0.01365,0.3965,0.48285,6.228
30-Sep-86,0.96,1.401,2.591,0.01079,0.3871,0.47211,5.822
31-Oct-86,1.038,1.356,2.774,0.01079,0.3831,0.48211,6.044
30-Nov-86,1.272,1.367,2.612,0.00998,0.3697,0.49232,6.123
31-Dec-86,1.712,1.498,2.86,0.01115,0.4175,0.53235,7.031
31-Jan-87,2.18,1.563,2.781,0.01334,0.4174,0.52126,7.476
28-Feb-87,1.969,1.358,2.555,0.01492,0.3822,0.45288,6.732
31-Mar-87,1.793,1.372,2.703,0.01482,0.3894,0.49878,6.771
30-Apr-87,1.473,1.323,2.679,0.01534,0.35,0.47766,6.318
31-May-87,1.213,1.419,2.692,0.01157,0.3584,0.50903,6.203
30-Jun-87,1.125,1.554,2.742,0.01433,0.3818,0.46687,6.284
31-Jul-87,1.118,1.732,2.879,0.01501,0.4183,0.46769,6.63
31-Aug-87,1.152,1.72,2.75,0.01521,0.4318,0.44899,6.518
30-Sep-87,1.069,1.484,2.712,0.0116,0.4142,0.4372,6.128
31-Oct-87,1.25,1.448,2.834,0.01034,0.381,0.44266,6.366
30-Nov-87,1.451,1.434,2.637,0.00989,0.3909,0.42321,6.346
31-Dec-87,1.847,1.602,2.908,0.01082,0.4386,0.47558,7.282
31-Jan-88,2.238,1.684,2.903,0.01037,0.4735,0.49513,7.804
29-Feb-88,2.086,1.539,2.781,0.01144,0.4479,0.44666,7.312
31-Mar-88,1.911,1.486,2.959,0.0103,0.4656,0.4691,7.301
30-Apr-88,1.498,1.368,2.698,0.00921,0.4248,0.45599,6.454
31-May-88,1.333,1.418,2.719,0.00779,0.431,0.48621,6.395
30-Jun-88,1.197,1.601,2.784,0.00881,0.4673,0.45389,6.512
31-Jul-88,1.204,1.749,2.815,0.0111,0.5283,0.4426,6.75
31-Aug-88,1.251,1.819,2.953,0.01189,0.5199,0.43721,6.992
30-Sep-88,1.124,1.522,2.774,0.00809,0.4906,0.42631,6.345
31-Oct-88,1.26,1.498,2.951,0.0078,0.4516,0.4226,6.591
30-Nov-88,1.486,1.493,2.855,0.0054,0.4197,0.4489,6.708
31-Dec-88,1.862,1.668,3.071,0.00487,0.467,0.47213,7.545
31-Jan-89,2.093,1.661,2.885,0.00491,0.4903,0.51079,7.645
28-Feb-89,2.082,1.57,2.704,0.00577,0.4098,0.46243,7.234
31-Mar-89,2.022,1.558,3.011,0.0025,0.4195,0.533,7.546
30-Apr-89,1.651,1.421,2.704,0.00369,0.3545,0.52981,6.664
31-May-89,1.413,1.466,2.788,0.00322,0.4057,0.56208,6.638
30-Jun-89,1.262,1.572,2.857,0.00488,0.4548,0.54532,6.696
31-Jul-89,1.289,1.705,2.779,0.00803,0.5538,0.52417,6.859
31-Aug-89,1.283,1.717,2.931,0.00621,0.5815,0.51229,7.031
30-Sep-89,1.243,1.551,2.725,0.0031,0.4745,0.4874,6.484
31-Oct-89,1.401,1.525,2.896,0,0.461,0.51109,6.794
30-Nov-89,1.63,1.534,2.802,0,0.4593,0.522,6.944
31-Dec-89,2.232,1.788,3.159,0,0.5374,0.53485,8.25
31-Jan-90,2.215,1.652,2.853,0,0.5833,0.51302,7.815
28-Feb-90,1.907,1.466,2.601,0,0.5287,0.50942,7.008
31-Mar-90,1.871,1.529,2.858,0,0.4877,0.56824,7.31
30-Apr-90,1.668,1.45,2.717,0,0.4076,0.53013,6.771
31-May-90,1.453,1.477,2.841,0,0.4544,0.52502,6.75
30-Jun-90,1.351,1.605,2.811,0,0.4903,0.5025,6.759
31-Jul-90,1.342,1.741,2.883,0.00378,0.5677,0.49852,7.036
31-Aug-90,1.373,1.776,3.044,0.00346,0.59,0.49654,7.283
30-Sep-90,1.333,1.64,2.683,0.00212,0.5131,0.44678,6.618
31-Oct-90,1.458,1.605,2.825,0.00457,0.4592,0.46023,6.812
30-Nov-90,1.609,1.536,2.692,0.00321,0.4765,0.46029,6.777
31-Dec-90,2.024,1.698,2.747,0.0032,0.5458,0.53,7.548
31-Jan-91,2.389,1.749,2.798,0.00272,0.57,0.57128,8.08
28-Feb-91,1.988,1.461,2.449,0.00199,0.5018,0.46621,6.868
31-Mar-91,1.922,1.48,2.704,0.00358,0.515,0.51942,7.144
30-Apr-91,1.621,1.373,2.613,0.0039,0.4365,0.4926,6.54
31-May-91,1.416,1.497,2.71,0.00488,0.4902,0.53992,6.658
30-Jun-91,1.278,1.596,2.743,0.00394,0.5683,0.51276,6.702
31-Jul-91,1.377,1.738,2.844,0.00777,0.6367,0.49853,7.102
31-Aug-91,1.367,1.738,2.879,0.00871,0.613,0.51129,7.117
30-Sep-91,1.311,1.576,2.732,0.00806,0.5438,0.49114,6.662
31-Oct-91,1.503,1.541,2.844,0.00822,0.4996,0.46718,6.863
30-Nov-91,1.771,1.588,2.693,0.0061,0.4854,0.4685,7.012
31-Dec-91,2.091,1.654,2.847,0.00651,0.5618,0.52969,7.69
31-Jan-92,2.336,1.675,2.83,0.00683,0.6057,0.53747,7.991
29-Feb-92,2.124,1.496,2.619,0.00662,0.5529,0.45048,7.249
31-Mar-92,2.025,1.555,2.806,0.005,0.4799,0.4831,7.354
30-Apr-92,1.784,1.453,2.715,0.00578,0.4426,0.44562,6.846
31-May-92,1.511,1.488,2.764,0.00667,0.4778,0.45453,6.702
30-Jun-92,1.362,1.56,2.758,0.00504,0.536,0.49696,6.718
31-Jul-92,1.427,1.781,2.873,0.00917,0.5869,0.48593,7.163
31-Aug-92,1.37,1.709,2.841,0.00734,0.6142,0.49046,7.032
30-Sep-92,1.347,1.605,2.735,0.00816,0.5332,0.45764,6.686
31-Oct-92,1.454,1.551,2.909,0.00949,0.5108,0.47271,6.907
30-Nov-92,1.76,1.55,2.735,0.0084,0.5312,0.4994,7.084
31-Dec-92,2.214,1.7,2.973,0.00785,0.6081,0.54705,8.05
31-Jan-93,2.366,1.695,2.667,0.00769,0.6205,0.56581,7.922
28-Feb-93,2.247,1.571,2.59,0.007,0.5391,0.4789,7.433
31-Mar-93,2.225,1.642,2.918,0.00662,0.4895,0.54388,7.825
30-Apr-93,1.749,1.472,2.709,0.00482,0.4538,0.52638,6.915
31-May-93,1.358,1.478,2.754,0.00351,0.5291,0.53539,6.658
30-Jun-93,1.372,1.652,2.769,0.00402,0.5527,0.50528,6.855
31-Jul-93,1.454,1.879,2.895,0.00907,0.5935,0.49043,7.321
31-Aug-93,1.478,1.862,2.903,0.01112,0.5904,0.50048,7.345
30-Sep-93,1.36,1.613,2.857,0.01028,0.5251,0.46162,6.827
31-Oct-93,1.569,1.598,2.883,0.01033,0.4667,0.46897,6.996
30-Nov-93,1.845,1.616,2.847,0.01019,0.4922,0.48461,7.295
31-Dec-93,2.207,1.756,2.98,0.01043,0.5578,0.52077,8.032
31-Jan-94,2.616,1.85,2.975,0.01182,0.5942,0.54898,8.596
28-Feb-94,2.385,1.61,2.746,0.01289,0.5207,0.47641,7.751
31-Mar-94,2.12,1.625,2.87,0.01506,0.5118,0.53114,7.673
30-Apr-94,1.709,1.477,2.822,0.01144,0.4514,0.51616,6.987
31-May-94,1.467,1.543,2.871,0.01214,0.5072,0.49366,6.894
30-Jun-94,1.48,1.757,2.883,0.01322,0.5409,0.49588,7.17
31-Jul-94,1.488,1.834,2.907,0.01422,0.6179,0.53688,7.398
31-Aug-94,1.521,1.816,3.017,0.01524,0.6282,0.48356,7.481
30-Sep-94,1.44,1.614,2.812,0.01262,0.5814,0.42998,6.89
31-Oct-94,1.548,1.579,2.933,0.01224,0.5299,0.47786,7.08
30-Nov-94,1.787,1.531,2.766,0.01278,0.5778,0.48342,7.158
31-Dec-94,2.167,1.675,3.014,0.01153,0.6323,0.51417,8.014
31-Jan-95,2.483,1.734,2.82,0.01105,0.6655,0.51745,8.231
28-Feb-95,2.278,1.564,2.727,0.0112,0.5449,0.4789,7.604
31-Mar-95,2.189,1.562,2.89,0.01292,0.5451,0.55098,7.75
30-Apr-95,1.861,1.452,2.735,0.01087,0.5182,0.53593,7.113
31-May-95,1.651,1.526,2.866,0.01232,0.5714,0.53128,7.158
30-Jun-95,1.488,1.666,2.919,0.01239,0.5924,0.56021,7.238
31-Jul-95,1.625,1.893,2.851,0.01202,0.6518,0.59918,7.632
31-Aug-95,1.696,1.984,3.002,0.01579,0.6479,0.57931,7.925
30-Sep-95,1.492,1.664,2.893,0.00999,0.5851,0.49891,7.143
31-Oct-95,1.561,1.616,2.915,0.00954,0.5705,0.56096,7.233
30-Nov-95,1.956,1.643,2.861,0.00722,0.5538,0.55998,7.581
31-Dec-95,2.392,1.786,3.018,0.00781,0.6288,0.58739,8.42
31-Jan-96,2.658,1.846,3.003,0.00819,0.6611,0.60971,8.786
29-Feb-96,2.405,1.674,2.862,0.01027,0.5874,0.57433,8.113
31-Mar-96,2.282,1.676,3.019,0.01141,0.5826,0.62899,8.2
30-Apr-96,1.897,1.517,2.86,0.0096,0.5286,0.5558,7.368
31-May-96,1.68,1.625,2.974,0.01056,0.5844,0.59504,7.469
30-Jun-96,1.566,1.755,2.907,0.01291,0.6039,0.60719,7.452
31-Jul-96,1.57,1.904,3.025,0.0159,0.6402,0.6089,7.764
31-Aug-96,1.603,1.924,3.092,0.01738,0.6457,0.59392,7.876
30-Sep-96,1.506,1.72,2.829,0.01268,0.5734,0.51192,7.153
31-Oct-96,1.618,1.723,3.174,0.01111,0.5316,0.56729,7.625
30-Nov-96,1.969,1.77,2.945,0.01042,0.5475,0.56208,7.804
31-Dec-96,2.332,1.868,3.007,0.00821,0.6003,0.59849,8.414
31-Jan-97,2.595,1.931,3.05,0.00862,0.6182,0.63118,8.834
28-Feb-97,2.323,1.642,2.728,0.0067,0.5316,0.5647,7.796
31-Mar-97,2.203,1.674,2.949,0.00888,0.529,0.62912,7.993
30-Apr-97,1.881,1.595,2.97,0.01065,0.471,0.60335,7.531
31-May-97,1.683,1.63,3.03,0.00798,0.4935,0.63952,7.484
30-Jun-97,1.57,1.744,2.995,0.01015,0.5467,0.60615,7.472
31-Jul-97,1.706,1.988,3.178,0.0142,0.6018,0.61,8.098
31-Aug-97,1.672,1.942,3.082,0.01293,0.641,0.56607,7.916
30-Sep-97,1.572,1.806,2.968,0.00934,0.5518,0.51186,7.419
31-Oct-97,1.632,1.813,3.157,0.00759,0.493,0.58241,7.685
30-Nov-97,1.971,1.759,2.954,0.00921,0.5372,0.52759,7.758
31-Dec-97,2.414,1.92,3.147,0.00941,0.582,0.54359,8.616
31-Jan-98,2.508,1.892,3.012,0.00555,0.6073,0.59315,8.618
28-Feb-98,2.198,1.66,2.72,0.00453,0.535,0.53647,7.654
31-Mar-98,2.233,1.722,3.066,0.00659,0.5635,0.58691,8.178
30-Apr-98,1.804,1.602,3.056,0.00919,0.4984,0.54841,7.518
31-May-98,1.634,1.738,3.057,0.00755,0.5403,0.60515,7.582
30-Jun-98,1.631,1.866,3.096,0.00761,0.5847,0.53669,7.722
31-Jul-98,1.769,2.042,3.25,0.0121,0.6452,0.5647,8.283
31-Aug-98,1.782,2.04,3.226,0.01543,0.6333,0.53627,8.233
30-Sep-98,1.637,1.841,3.048,0.00972,0.6001,0.48618,7.622
31-Oct-98,1.593,1.752,3.177,0.00558,0.6025,0.48692,7.617
30-Nov-98,1.808,1.666,2.979,0.00356,0.6019,0.45654,7.515
31-Dec-98,2.235,1.835,3.192,0.00489,0.6556,0.55551,8.478
31-Jan-99,2.612,1.899,3.124,0.0029,0.6865,0.5976,8.922
28-Feb-99,2.192,1.644,2.844,0.00284,0.6008,0.53436,7.818
31-Mar-99,2.26,1.72,3.217,0.00193,0.6149,0.56417,8.378
30-Apr-99,1.898,1.637,3.064,0.00887,0.5071,0.54903,7.664
31-May-99,1.619,1.711,3.097,0.00889,0.5858,0.60831,7.63
30-Jun-99,1.565,1.839,3.176,0.00861,0.651,0.57239,7.812
31-Jul-99,1.724,2.079,3.274,0.00915,0.6982,0.59265,8.377
31-Aug-99,1.763,2.016,3.338,0.01023,0.7121,0.54567,8.385
30-Sep-99,1.564,1.814,3.109,0.01348,0.6368,0.48072,7.618
31-Oct-99,1.665,1.744,3.267,0.01131,0.5783,0.45739,7.723
30-Nov-99,1.771,1.689,3.043,0.01184,0.6328,0.49536,7.643
31-Dec-99,2.276,1.829,3.343,0.01003,0.706,0.51797,8.682
31-Jan-00,2.586,2.021,3.095,0.00951,0.738,0.50749,8.957
29-Feb-00,2.391,1.834,3.007,0.01132,0.6693,0.50038,8.413
31-Mar-00,2.13,1.799,3.152,0.0088,0.6543,0.5589,8.303
30-Apr-00,1.866,1.629,3,0.00847,0.6076,0.56693,7.678
31-May-00,1.773,1.776,3.25,0.00956,0.6672,0.55824,8.034
30-Jun-00,1.65,1.928,3.214,0.01016,0.7019,0.50694,8.011
31-Jul-00,1.705,2.008,3.266,0.01504,0.7193,0.52466,8.238
31-Aug-00,1.851,2.078,3.401,0.01534,0.7011,0.50456,8.551
30-Sep-00,1.596,1.855,3.188,0.01125,0.6077,0.44305,7.701
31-Oct-00,1.643,1.839,3.266,0.00522,0.5472,0.46958,7.77
30-Nov-00,1.969,1.826,3.073,0.0078,0.5889,0.4853,7.95
31-Dec-00,2.664,1.986,3.416,0.00078,0.6599,0.48032,9.207
31-Jan-01,2.743,2.003,3.319,0.00648,0.7175,0.44902,9.238
28-Feb-01,2.367,1.732,2.934,0.00239,0.6399,0.40571,8.081
31-Mar-01,2.301,1.788,3.282,0.00549,0.6489,0.45661,8.482
30-Apr-01,1.851,1.62,3.159,0.00781,0.5848,0.42439,7.647
31-May-01,1.559,1.749,3.242,0.01024,0.6424,0.43436,7.637
30-Jun-01,1.479,1.861,3.151,0.00805,0.7104,0.45055,7.66
31-Jul-01,1.635,2.05,3.299,0.00809,0.7223,0.43761,8.152
31-Aug-01,1.709,2.09,3.345,0.00901,0.7142,0.44479,8.312
30-Sep-01,1.529,1.792,3.029,0.0017,0.6619,0.3954,7.409
31-Oct-01,1.688,1.726,3.266,0.00313,0.6314,0.41247,7.727
30-Nov-01,1.741,1.675,3.081,0.00409,0.651,0.40191,7.554
31-Dec-01,2.171,1.829,3.107,0.00906,0.7042,0.44974,8.27
31-Jan-02,2.541,1.849,3.186,0.00848,0.7406,0.47692,8.802
28-Feb-02,2.29,1.634,2.862,0.00618,0.6438,0.43002,7.866
31-Mar-02,2.306,1.713,3.23,0.00571,0.6583,0.45699,8.37
30-Apr-02,1.921,1.616,3.126,0.00588,0.6102,0.48792,7.767
31-May-02,1.645,1.718,3.258,0.002,0.6582,0.5268,7.808
30-Jun-02,1.625,1.861,3.18,0.00655,0.6931,0.53235,7.898
31-Jul-02,1.784,2.054,3.323,0.01267,0.7353,0.52503,8.434
31-Aug-02,1.761,2.034,3.341,0.01038,0.7391,0.46852,8.354
30-Sep-02,1.574,1.876,3.11,0.00506,0.6733,0.43064,7.669
31-Oct-02,1.679,1.817,3.234,0.0037,0.6317,0.4456,7.811
30-Nov-02,1.953,1.787,3.179,0.00263,0.6424,0.45897,8.023
31-Dec-02,2.429,1.944,3.259,0.00214,0.7195,0.48936,8.843
31-Jan-03,2.77,2.019,3.261,0.00444,0.7212,0.47236,9.248
28-Feb-03,2.564,1.774,3.023,0.00334,0.6351,0.44456,8.444
31-Mar-03,2.254,1.757,3.249,0.00062,0.6246,0.50978,8.395
30-Apr-03,1.788,1.617,3.167,0.0023,0.5917,0.513,7.679
31-May-03,1.551,1.71,3.203,0.00178,0.6482,0.56102,7.675
30-Jun-03,1.402,1.845,3.185,0.00092,0.6688,0.55128,7.653
31-Jul-03,1.639,2.046,3.337,0.00785,0.7258,0.52635,8.282
31-Aug-03,1.692,2.077,3.402,0.00701,0.7193,0.50469,8.402
30-Sep-03,1.464,1.866,3.178,0,0.6626,0.44755,7.617
31-Oct-03,1.591,1.802,3.326,0,0.6254,0.45484,7.794
30-Nov-03,1.796,1.813,3.153,0,0.6211,0.46732,7.848
31-Dec-03,2.32,1.994,3.379,0.00137,0.715,0.53063,8.94
31-Jan-04,2.739,2.025,3.346,0.00028,0.7383,0.51742,9.366
29-Feb-04,2.57,1.831,3.201,0,0.6684,0.47764,8.747
31-Mar-04,2.15,1.746,3.38,0,0.6599,0.51166,8.444
30-Apr-04,1.785,1.616,3.303,0.00063,0.6112,0.49017,7.806
31-May-04,1.608,1.779,3.392,0,0.6769,0.52315,7.979
30-Jun-04,1.521,1.886,3.345,0.00147,0.7063,0.53423,7.994
31-Jul-04,1.624,2.042,3.468,0.00984,0.7505,0.52366,8.418
31-Aug-04,1.614,2.015,3.483,0.01187,0.741,0.50213,8.367
30-Sep-04,1.515,1.878,3.279,0.00326,0.6875,0.48024,7.843
31-Oct-04,1.592,1.806,3.434,0.00327,0.652,0.47473,7.962
30-Nov-04,1.823,1.819,3.316,0.0045,0.6146,0.4869,8.064
31-Dec-04,2.383,2.021,3.485,0.00502,0.7155,0.56048,9.17
31-Jan-05,2.63,2.012,3.389,0.00504,0.7287,0.54026,9.305
28-Feb-05,2.3,1.776,3.09,0.00625,0.636,0.49075,8.299
31-Mar-05,2.261,1.845,3.461,0.00791,0.6422,0.52489,8.742
30-Apr-05,1.768,1.637,3.225,0.00593,0.579,0.51407,7.729
31-May-05,1.561,1.749,3.413,0.00542,0.6572,0.56838,7.954
30-Jun-05,1.572,1.954,3.403,0.00468,0.6903,0.56202,8.186
31-Jul-05,1.728,2.094,3.461,0.00903,0.7417,0.56227,8.596
31-Aug-05,1.737,2.117,3.575,0.01203,0.7449,0.51707,8.703
30-Sep-05,1.457,1.937,3.24,0.00675,0.6965,0.46475,7.802
31-Oct-05,1.462,1.852,3.359,0.00611,0.6391,0.47779,7.796
30-Nov-05,1.704,1.802,3.297,0.00711,0.6566,0.48829,7.955
31-Dec-05,2.385,2.021,3.521,0.00699,0.7486,0.53141,9.214
31-Jan-06,2.22,1.91,3.359,0.00432,0.7505,0.59218,8.836
28-Feb-06,2.199,1.781,3.042,0.00554,0.6535,0.52896,8.21
31-Mar-06,2.18,1.814,3.388,0.00503,0.665,0.55297,8.605
30-Apr-06,1.723,1.603,3.217,0.00488,0.6008,0.58032,7.729
31-May-06,1.565,1.766,3.366,0.00554,0.6551,0.61836,7.976
30-Jun-06,1.588,1.903,3.346,0.00497,0.7137,0.60833,8.164
31-Jul-06,1.802,2.102,3.41,0.00975,0.7533,0.57395,8.651
31-Aug-06,1.795,2.123,3.533,0.01019,0.7516,0.53721,8.75
30-Sep-06,1.497,1.843,3.284,8E-05,0.6955,0.48442,7.804
31-Oct-06,1.684,1.84,3.417,0.00106,0.6002,0.49774,8.04
30-Nov-06,1.809,1.807,3.265,0.00301,0.6407,0.52429,8.049
31-Dec-06,2.176,1.956,3.389,0.00796,0.7356,0.55044,8.815
31-Jan-07,2.535,1.991,3.346,0.00636,0.776,0.59864,9.253
28-Feb-07,2.63,1.835,3.132,0.01016,0.6839,0.49194,8.783
31-Mar-07,2.18,1.795,3.357,0.00561,0.6742,0.57719,8.589
30-Apr-07,1.854,1.665,3.254,0.00988,0.6008,0.56532,7.949
31-May-07,1.598,1.775,3.387,0.01146,0.6818,0.59274,8.046
30-Jun-07,1.592,1.947,3.293,0.01044,0.7227,0.55686,8.122
31-Jul-07,1.7,2.083,3.397,0.01293,0.7627,0.56037,8.516
31-Aug-07,1.942,2.134,3.454,0.01202,0.7628,0.54118,8.846
30-Sep-07,1.628,1.908,3.235,0.00474,0.7086,0.48166,7.966
31-Oct-07,1.666,1.832,3.344,0.00667,0.6468,0.50353,7.999
30-Nov-07,1.878,1.801,3.239,0.00829,0.6805,0.50221,8.109
31-Dec-07,2.459,1.984,3.362,0.00736,0.7547,0.55094,9.118
31-Jan-08,2.802,2.025,3.283,0.01121,0.7394,0.59639,9.457
29-Feb-08,2.565,1.867,3.026,0.0104,0.6808,0.5438,8.693
31-Mar-08,2.334,1.801,3.214,0.00744,0.6765,0.59806,8.631
30-Apr-08,1.868,1.667,3.125,0.00883,0.5993,0.60687,7.875
31-May-08,1.615,1.754,3.215,0.00738,0.6776,0.66502,7.934
30-Jun-08,1.643,1.918,3.099,0.00916,0.735,0.67384,8.078
31-Jul-08,1.751,2.092,3.173,0.01539,0.7769,0.64571,8.454
31-Aug-08,1.724,2.045,3.114,0.01458,0.7591,0.59732,8.254
30-Sep-08,1.495,1.836,2.812,0.01104,0.7009,0.53306,7.388
31-Oct-08,1.674,1.736,3.197,0.00534,0.6567,0.55496,7.824
30-Nov-08,1.914,1.741,2.975,0.00406,0.6628,0.55114,7.848
31-Dec-08,2.459,1.901,3.088,0.00745,0.7623,0.62025,8.838
31-Jan-09,2.792,1.904,3.074,0.00665,0.7751,0.62325,9.175
28-Feb-09,2.385,1.582,2.732,0.00775,0.6718,0.53745,7.916
31-Mar-09,2.219,1.536,3.009,0.00405,0.7033,0.62265,8.094
30-Apr-09,1.779,1.422,2.901,0.00668,0.6214,0.65392,7.384
31-May-09,1.537,1.486,2.918,0.0093,0.684,0.6957,7.33
30-Jun-09,1.561,1.655,2.937,0.01072,0.7294,0.68588,7.579
31-Jul-09,1.695,1.76,2.983,0.01427,0.7631,0.64363,7.859
31-Aug-09,1.775,1.811,3.034,0.01483,0.7557,0.61647,8.007
30-Sep-09,1.609,1.555,2.884,0.01047,0.6878,0.56773,7.314
31-Oct-09,1.702,1.58,2.991,0.01102,0.6069,0.62808,7.519
30-Nov-09,1.814,1.55,2.866,0.00825,0.6179,0.63785,7.494
31-Dec-09,2.548,1.852,3.05,0.0114,0.7396,0.687,8.888
31-Jan-10,2.869,1.916,2.915,0.01335,0.7585,0.66215,9.134
28-Feb-10,2.533,1.708,2.676,0.01144,0.6819,0.60466,8.215
31-Mar-10,2.187,1.635,3.024,0.01067,0.6756,0.67273,8.205
30-Apr-10,1.725,1.444,2.935,0.0087,0.6021,0.6572,7.372
31-May-10,1.649,1.618,2.995,0.00434,0.6967,0.71496,7.678
30-Jun-10,1.682,1.844,3.004,0.00892,0.7139,0.75518,8.008
31-Jul-10,1.862,1.995,3.063,0.00998,0.7516,0.70142,8.383
31-Aug-10,1.916,1.991,3.123,0.00593,0.7481,0.65997,8.444
30-Sep-10,1.67,1.693,2.981,0.00262,0.7251,0.62228,7.694
31-Oct-10,1.698,1.519,3.017,0.00165,0.6559,0.64345,7.535
30-Nov-10,2.013,1.56,2.918,0.00216,0.6549,0.67594,7.824
31-Dec-10,2.771,1.876,3.114,0.00892,0.7701,0.71998,9.26
31-Jan-11,2.947,1.888,3,0.00858,0.7612,0.73122,9.336
28-Feb-11,2.502,1.56,2.692,0.00789,0.678,0.70311,8.143
31-Mar-11,2.274,1.544,3.074,0.00836,0.6871,0.80554,8.393
30-Apr-11,1.86,1.421,2.883,0.00739,0.5708,0.80381,7.546
31-May-11,1.699,1.551,2.935,0.01217,0.5966,0.82623,7.62
30-Jun-11,1.689,1.757,2.961,0.01105,0.683,0.82395,7.925
31-Jul-11,1.927,1.952,2.973,0.01668,0.757,0.78232,8.408
31-Aug-11,1.928,1.916,3.083,0.01518,0.7465,0.74132,8.43
30-Sep-11,1.687,1.614,2.908,0.01034,0.6995,0.67016,7.589
31-Oct-11,1.777,1.475,2.992,0.0091,0.6628,0.6991,7.615
30-Nov-11,2.071,1.425,2.921,0.0074,0.6747,0.7269,7.826
31-Dec-11,2.592,1.556,2.949,0.01174,0.7517,0.76056,8.621
31-Jan-12,2.817,1.487,2.894,0.0109,0.7585,0.7506,8.718
29-Feb-12,2.556,1.334,2.758,0.00944,0.6691,0.68146,8.008
31-Mar-12,2.174,1.229,2.878,0.00999,0.6469,0.78511,7.723
30-Apr-12,1.995,1.109,2.8,0.01292,0.5855,0.76058,7.263
31-May-12,1.914,1.326,2.947,0.01462,0.6505,0.80288,7.655
30-Jun-12,1.908,1.494,2.903,0.01344,0.6826,0.77196,7.773
31-Jul-12,2.114,1.785,2.944,0.01897,0.7244,0.74363,8.33
31-Aug-12,2.052,1.718,3.043,0.01882,0.7294,0.71778,8.279
30-Sep-12,1.845,1.456,2.778,0.01413,0.676,0.64287,7.412
31-Oct-12,1.941,1.403,2.905,0.01213,0.626,0.68287,7.57
30-Nov-12,2.215,1.472,2.789,0.0132,0.5943,0.6835,7.767
31-Dec-12,2.559,1.538,2.801,0.01212,0.7187,0.76318,8.392
31-Jan-13,2.954,1.572,2.906,0.01638,0.7461,0.79352,8.988
28-Feb-13,2.633,1.414,2.603,0.01506,0.6424,0.70954,8.017
31-Mar-13,2.586,1.481,2.867,0.01626,0.6577,0.77404,8.382
30-Apr-13,2.016,1.287,2.788,0.01284,0.5932,0.82196,7.519
31-May-13,1.796,1.364,2.923,0.01612,0.6567,0.86018,7.616
30-Jun-13,1.786,1.564,2.829,0.01862,0.6941,0.82828,7.72
31-Jul-13,1.974,1.723,3,0.01934,0.7371,0.81356,8.267
31-Aug-13,1.975,1.701,2.979,0.02025,0.7455,0.74425,8.165
30-Sep-13,1.81,1.52,2.897,0.01708,0.6875,0.70442,7.636
31-Oct-13,1.912,1.402,2.985,0.01564,0.6602,0.74616,7.721
30-Nov-13,2.375,1.394,2.909,0.01642,0.6789,0.76068,8.134
31-Dec-13,2.995,1.616,2.909,0.01451,0.745,0.79949,9.079
31-Jan-14,3.317,1.748,2.947,0.01448,0.7652,0.82032,9.612
28-Feb-14,2.835,1.6,2.634,0.01096,0.6551,0.70594,8.441
31-Mar-14,2.645,1.524,2.85,0.01194,0.6526,0.85246,8.536
30-Apr-14,2.025,1.24,2.834,0.01144,0.5897,0.86186,7.562
31-May-14,1.87,1.357,2.894,0.01533,0.6584,0.85127,7.646
30-Jun-14,1.803,1.559,2.836,0.01462,0.7127,0.84768,7.773
31-Jul-14,1.936,1.702,3.003,0.01761,0.7524,0.81499,8.226
31-Aug-14,1.99,1.694,3.005,0.01961,0.7439,0.75649,8.209
30-Sep-14,1.862,1.457,2.897,0.0181,0.7063,0.7076,7.648
31-Oct-14,1.969,1.304,3.057,0.01492,0.6525,0.75858,7.756
30-Nov-14,2.428,1.376,2.893,0.01667,0.6813,0.79903,8.194
31-Dec-14,2.76,1.44,3,0.01458,0.7673,0.81212,8.794
31-Jan-15,3.223,1.498,2.964,0.01788,0.7767,0.79342,9.273
28-Feb-15,3.028,1.409,2.737,0.01484,0.6637,0.74846,8.601
31-Mar-15,2.682,1.238,2.996,0.02023,0.675,0.81277,8.424
30-Apr-15,2.078,1.037,2.888,0.0197,0.6252,0.8121,7.46
31-May-15,1.923,1.206,2.993,0.02021,0.6884,0.80839,7.639
30-Jun-15,1.967,1.439,2.981,0.01992,0.7165,0.77458,7.898
31-Jul-15,2.139,1.587,3.132,0.02104,0.7468,0.79916,8.425
31-Aug-15,2.124,1.531,3.099,0.02188,0.7573,0.77582,8.309
30-Sep-15,1.967,1.352,2.918,0.02007,0.6952,0.72973,7.682
31-Oct-15,2.056,1.138,3.014,0.01578,0.6334,0.76982,7.627
30-Nov-15,2.327,1.045,2.848,0.01767,0.6302,0.81813,7.686
31-Dec-15,2.679,1.07,3.014,0.01794,0.7282,0.87086,8.38
31-Jan-16,3.204,1.297,2.936,0.01918,0.7585,0.84832,9.063
29-Feb-16,2.748,1.074,2.865,0.01487,0.6865,0.84763,8.236
31-Mar-16,2.442,0.867,3.05,0.01588,0.6918,0.92432,7.991
30-Apr-16,2.159,0.844,2.908,0.01398,0.6561,0.87692,7.458
31-May-16,2.038,0.96,2.992,0.018,0.6963,0.8907,7.595
30-Jun-16,2.074,1.314,2.989,0.02073,0.7026,0.84467,7.945
31-Jul-16,2.262,1.529,3.066,0.02459,0.7358,0.86261,8.48
31-Aug-16,2.285,1.521,3.157,0.02358,0.7481,0.81332,8.548
30-Sep-16,2.015,1.296,2.966,0.01577,0.6845,0.77973,7.757
31-Oct-16,1.992,1.147,3.028,0.02563,0.6352,0.83117,7.659
30-Nov-16,2.234,1.022,2.922,0.02018,0.6817,0.83312,7.713
31-Dec-16,2.967,1.352,3.06,0.01686,0.7495,0.93464,9.08
31-Jan-17,3.012,1.313,2.967,0.02144,0.7648,0.90376,8.982
28-Feb-17,2.418,1.011,2.66,0.01675,0.6648,0.85245,7.623
31-Mar-17,2.608,1.029,3.086,0.0162,0.6808,1.01,8.43
30-Apr-17,1.995,0.937,2.919,0.01465,0.5935,0.99285,7.452
31-May-17,1.953,1.066,3.091,0.0147,0.6413,1.034,7.8
30-Jun-17,1.972,1.218,3.064,0.01751,0.7009,0.99159,7.964
31-Jul-17,2.212,1.432,3.088,0.0174,0.7459,0.9267,8.422
31-Aug-17,2.162,1.356,3.124,0.01958,0.7571,0.86932,8.288
30-Sep-17,1.984,1.14,2.928,0.01534,0.7122,0.84246,7.622
31-Oct-17,2.099,1.051,3.065,0.0112,0.6902,0.9136,7.83
30-Nov-17,2.437,1.069,3.003,0.01097,0.6968,0.90423,8.121
31-Dec-17,3.189,1.216,3.089,0.01338,0.7708,0.90282,9.181
31-Jan-18,3.449,1.334,3.12,0.01363,0.7805,0.95387,9.651
28-Feb-18,2.798,0.963,2.709,0.01163,0.6774,0.89197,8.051
31-Mar-18,2.887,0.941,3.16,0.0154,0.7008,0.9958,8.7
30-Apr-18,2.425,0.862,2.96,0.0098,0.6182,1.001,7.876
31-May-18,2.119,0.993,3.102,0.0142,0.7038,1.04,7.972
30-Jun-18,2.127,1.16,3.088,0.0184,0.7286,1.015,8.137
31-Jul-18,2.429,1.311,3.163,0.01523,0.7575,0.92827,8.604
31-Aug-18,2.391,1.309,3.276,0.01705,0.7557,0.93425,8.683
30-Sep-18,2.228,1.12,2.974,0.0102,0.6767,0.8451,7.854
31-Oct-18,2.362,1.017,3.185,0.00948,0.621,0.88352,8.078
30-Nov-18,2.808,1.082,3.053,0.00952,0.6686,0.88788,8.509
31-Dec-18,3.101,1.158,3.077,0.01065,0.7492,0.92515,9.021
31-Jan-19,3.542,1.161,3.127,0.01157,0.7696,0.92083,9.532
28-Feb-19,3.123,0.949,2.757,0.01046,0.6757,0.86184,8.377
31-Mar-19,3.028,0.932,3.065,0.00757,0.6796,0.97983,8.692
30-Apr-19,2.288,0.719,3,0.0074,0.6326,1.015,7.662
31-May-19,2.207,0.85,3.114,0.0111,0.7009,1.054,7.937
30-Jun-19,2.192,0.931,3.063,0.01234,0.7185,0.98916,7.906
31-Jul-19,2.48,1.154,3.176,0.01268,0.7539,0.98242,8.559
31-Aug-19,2.521,1.086,3.254,0.0135,0.7509,0.9366,8.562
30-Sep-19,2.285,0.986,2.993,0.0116,0.6898,0.8986,7.864
31-Oct-19,2.389,0.801,3.163,0.0078,0.6477,0.9305,7.939
30-Nov-19,2.884,0.884,3.046,0.01192,0.6696,0.89748,8.393
31-Dec-19,3.286,0.859,3.09,0.01368,0.763,0.93232,8.944
31-Jan-20,3.416,0.783,3.008,0.00997,0.7745,0.97753,8.969
29-Feb-20,3.149,0.692,2.842,0.01018,0.6886,0.98222,8.364
31-Mar-20,2.802,0.631,2.79,0.01231,0.6683,0.97039,7.874
30-Apr-20,2.318,0.513,2.123,0.01081,0.6179,0.91529,6.498
31-May-20,2.138,0.573,2.407,0.0112,0.6718,1.042,6.843
30-Jun-20,2.204,0.768,2.555,0.0132,0.7018,1.05,7.292
31-Jul-20,2.576,1.019,2.771,0.01882,0.7245,0.99668,8.106
31-Aug-20,2.485,1.034,2.814,0.02039,0.7203,0.95431,8.028
30-Sep-20,2.247,0.806,2.697,0.01248,0.6863,0.88722,7.336
31-Oct-20,2.4,0.721,2.81,0.01344,0.6199,0.92566,7.49
30-Nov-20,2.52,0.731,2.707,0.01191,0.6449,0.98819,7.603
31-Dec-20,3.28,0.909,2.798,0.0144,0.7296,1,8.731
31-Jan-21,3.402,0.948,2.774,0.01471,0.7501,0.98419,8.873
28-Feb-21,3.149,0.994,2.385,0.0093,0.6574,0.8843,8.079
31-Mar-21,2.698,0.738,2.894,0.0128,0.6652,1.089,8.097
30-Apr-21,2.314,0.647,2.84,0.0118,0.5962,1.036,7.445
31-May-21,2.168,0.755,3.01,0.013,0.648,1.103,7.697
30-Jun-21,2.291,0.993,2.996,0.0151,0.6899,1.036,8.021
31-Jul-21,2.465,1.156,3.001,0.01703,0.7187,0.98727,8.345